,0,1,2,3
0,0.8273772438659699,0.7376951317802901,-0.5657364610748746,0.059159876663617626
1,-1.5661069258891576,-1.3555735383351195,0.6638610320657843,0.059159876663617626
2,0.8273772438659699,-1.3555735383351195,-0.2583370877897099,-0.5609748304808925
3,-1.5661069258891576,-1.3555735383351195,0.4333115021019107,0.059159876663617626
4,0.8273772438659699,0.7376951317802901,0.4333115021019107,-0.5609748304808925
5,0.8273772438659699,0.7376951317802901,-0.10463740114712752,-0.5609748304808925
6,-1.5661069258891576,0.7376951317802901,1.893458525206443,-0.5609748304808925
7,0.8273772438659699,0.7376951317802901,-2.1027333275006983,1.9195639980971482
8,0.8273772438659699,-1.3555735383351195,-0.1814872444684187,0.6792945838081278
9,-0.3693648410115938,-1.3555735383351195,-1.180535207645204,0.059159876663617626
10,0.8273772438659699,-1.3555735383351195,-1.949033640858116,0.6792945838081278
11,-1.5661069258891576,-1.3555735383351195,2.200857898491608,-0.5609748304808925
12,0.8273772438659699,0.7376951317802901,-0.719436147717457,-0.5609748304808925
13,0.8273772438659699,0.7376951317802901,0.7407108753870755,3.1598334123861687
14,0.8273772438659699,-1.3555735383351195,-1.180535207645204,-0.5609748304808925
15,-0.3693648410115938,-1.3555735383351195,1.9703083685277343,-0.5609748304808925
16,0.8273772438659699,0.7376951317802901,-2.1027333275006983,2.5396987052416584
17,-0.3693648410115938,0.7376951317802901,-0.10463740114712752,-0.5609748304808925
18,0.8273772438659699,-1.3555735383351195,0.12591212881674602,0.059159876663617626
19,0.8273772438659699,-1.3555735383351195,-0.10463740114712752,-0.5609748304808925
20,-0.3693648410115938,0.7376951317802901,0.4333115021019107,-0.5609748304808925
21,-0.3693648410115938,0.7376951317802901,0.35646165878061953,-0.5609748304808925
22,0.8273772438659699,-1.3555735383351195,-1.1036853643239128,-0.5609748304808925
23,-1.5661069258891576,0.7376951317802901,-0.10463740114712752,-0.5609748304808925
24,0.8273772438659699,-1.3555735383351195,-1.6416342675729512,1.9195639980971482
25,0.8273772438659699,-1.3555735383351195,0.6638610320657843,3.1598334123861687
26,0.8273772438659699,0.7376951317802901,-0.10463740114712752,-0.5609748304808925
27,-1.5661069258891576,0.7376951317802901,-0.7962859910387481,2.5396987052416584
28,0.8273772438659699,-1.3555735383351195,-0.10463740114712752,-0.5609748304808925
29,0.8273772438659699,0.7376951317802901,-0.10463740114712752,-0.5609748304808925
30,-1.5661069258891576,0.7376951317802901,0.8175607187083667,-0.5609748304808925
31,-1.5661069258891576,-1.3555735383351195,-0.10463740114712752,0.059159876663617626
32,0.8273772438659699,-1.3555735383351195,-0.10463740114712752,-0.5609748304808925
33,-0.3693648410115938,0.7376951317802901,2.8156566450619374,-0.5609748304808925
34,-1.5661069258891576,0.7376951317802901,-0.10463740114712752,0.059159876663617626
35,-1.5661069258891576,0.7376951317802901,0.9712604053509489,0.059159876663617626
36,0.8273772438659699,0.7376951317802901,-0.10463740114712752,-0.5609748304808925
37,0.8273772438659699,0.7376951317802901,-0.6425863043961658,-0.5609748304808925
38,0.8273772438659699,-1.3555735383351195,-0.8731358343600393,0.6792945838081278
39,0.8273772438659699,-1.3555735383351195,-1.180535207645204,0.059159876663617626
40,0.8273772438659699,-1.3555735383351195,0.8175607187083667,0.059159876663617626
41,-0.3693648410115938,-1.3555735383351195,-0.1814872444684187,0.059159876663617626
42,0.8273772438659699,0.7376951317802901,-0.10463740114712752,-0.5609748304808925
43,-0.3693648410115938,-1.3555735383351195,-2.025883484179407,1.299429290952638
44,0.8273772438659699,-1.3555735383351195,-0.7962859910387481,-0.5609748304808925
45,0.8273772438659699,0.7376951317802901,-0.10463740114712752,-0.5609748304808925
46,0.8273772438659699,0.7376951317802901,-0.10463740114712752,0.059159876663617626
47,0.8273772438659699,-1.3555735383351195,-0.10463740114712752,-0.5609748304808925
48,0.8273772438659699,0.7376951317802901,-0.10463740114712752,0.6792945838081278
49,0.8273772438659699,-1.3555735383351195,-0.8731358343600393,0.059159876663617626
50,0.8273772438659699,0.7376951317802901,-1.7184841108942424,2.5396987052416584
51,0.8273772438659699,0.7376951317802901,-0.6425863043961658,-0.5609748304808925
52,-1.5661069258891576,-1.3555735383351195,1.5092093085999871,0.059159876663617626
53,-0.3693648410115938,-1.3555735383351195,-0.027787557825836348,0.059159876663617626
54,-1.5661069258891576,0.7376951317802901,2.738806801740646,0.059159876663617626
55,-1.5661069258891576,0.7376951317802901,-0.10463740114712752,-0.5609748304808925
56,-0.3693648410115938,-1.3555735383351195,-0.6425863043961658,-0.5609748304808925
57,0.8273772438659699,0.7376951317802901,-0.06621247948648194,-0.5609748304808925
58,-0.3693648410115938,-1.3555735383351195,-1.8721837975368247,1.299429290952638
59,0.8273772438659699,0.7376951317802901,-1.4110847376090776,3.779968119530679
60,0.8273772438659699,0.7376951317802901,-0.5657364610748746,-0.5609748304808925
61,-1.5661069258891576,-1.3555735383351195,0.6638610320657843,-0.5609748304808925
62,-1.5661069258891576,0.7376951317802901,1.2018099353148226,0.059159876663617626
63,0.8273772438659699,0.7376951317802901,-1.949033640858116,2.5396987052416584
64,-1.5661069258891576,0.7376951317802901,-0.10463740114712752,-0.5609748304808925
65,0.8273772438659699,0.7376951317802901,-0.10463740114712752,0.6792945838081278
66,-0.3693648410115938,-1.3555735383351195,-0.027787557825836348,-0.5609748304808925
67,0.8273772438659699,0.7376951317802901,-0.7962859910387481,-0.5609748304808925
68,0.8273772438659699,-1.3555735383351195,-0.9499856776813305,3.1598334123861687
69,0.8273772438659699,0.7376951317802901,-0.2583370877897099,0.6792945838081278
70,-0.3693648410115938,0.7376951317802901,0.20276197213803718,-0.5609748304808925
71,0.8273772438659699,-1.3555735383351195,-1.0268355210026217,3.779968119530679
72,-0.3693648410115938,0.7376951317802901,-0.6425863043961658,-0.5609748304808925
73,0.8273772438659699,0.7376951317802901,-0.2583370877897099,0.059159876663617626
74,0.8273772438659699,0.7376951317802901,0.20276197213803718,-0.5609748304808925
75,0.8273772438659699,0.7376951317802901,-0.33518693111100106,-0.5609748304808925
76,0.8273772438659699,0.7376951317802901,-0.10463740114712752,-0.5609748304808925
77,0.8273772438659699,0.7376951317802901,-0.10463740114712752,-0.5609748304808925
78,-0.3693648410115938,0.7376951317802901,-2.192647644186609,0.6792945838081278
79,0.8273772438659699,-1.3555735383351195,0.04906228549545483,-0.5609748304808925
80,0.8273772438659699,0.7376951317802901,-0.5657364610748746,-0.5609748304808925
81,0.8273772438659699,0.7376951317802901,-0.027787557825836348,-0.5609748304808925
82,0.8273772438659699,-1.3555735383351195,-0.10463740114712752,-0.5609748304808925
83,-1.5661069258891576,0.7376951317802901,-0.10463740114712752,-0.5609748304808925
84,-0.3693648410115938,-1.3555735383351195,-0.9499856776813305,-0.5609748304808925
85,0.8273772438659699,-1.3555735383351195,0.27961181545932834,1.299429290952638
86,0.8273772438659699,0.7376951317802901,-1.0268355210026217,1.9195639980971482
87,0.8273772438659699,0.7376951317802901,-0.10463740114712752,-0.5609748304808925
88,-1.5661069258891576,-1.3555735383351195,-0.48888661775358344,2.5396987052416584
89,0.8273772438659699,0.7376951317802901,-0.41203677443229225,-0.5609748304808925
90,0.8273772438659699,0.7376951317802901,-0.027787557825836348,-0.5609748304808925
91,0.8273772438659699,0.7376951317802901,-0.719436147717457,-0.5609748304808925
92,-1.5661069258891576,0.7376951317802901,1.2786597786361138,0.059159876663617626
93,0.8273772438659699,0.7376951317802901,-0.2583370877897099,1.299429290952638
94,0.8273772438659699,0.7376951317802901,2.277707741812899,-0.5609748304808925
95,0.8273772438659699,0.7376951317802901,-0.10463740114712752,-0.5609748304808925
96,-1.5661069258891576,0.7376951317802901,3.1999058616683933,-0.5609748304808925
97,-1.5661069258891576,0.7376951317802901,-0.48888661775358344,0.059159876663617626
98,-0.3693648410115938,-1.3555735383351195,0.35646165878061953,0.059159876663617626
99,-0.3693648410115938,0.7376951317802901,0.35646165878061953,0.059159876663617626
100,0.8273772438659699,-1.3555735383351195,-0.10463740114712752,-0.5609748304808925
101,0.8273772438659699,0.7376951317802901,-0.10463740114712752,-0.5609748304808925
102,-1.5661069258891576,0.7376951317802901,-0.6425863043961658,0.059159876663617626
103,0.8273772438659699,0.7376951317802901,0.27961181545932834,-0.5609748304808925
104,0.8273772438659699,0.7376951317802901,0.5870111887444931,0.6792945838081278
105,0.8273772438659699,0.7376951317802901,-0.10463740114712752,-0.5609748304808925
106,0.8273772438659699,-1.3555735383351195,-0.6425863043961658,-0.5609748304808925
107,0.8273772438659699,0.7376951317802901,-0.10463740114712752,-0.5609748304808925
108,0.8273772438659699,0.7376951317802901,0.6638610320657843,-0.5609748304808925
109,0.8273772438659699,-1.3555735383351195,-0.10463740114712752,0.059159876663617626
110,-1.5661069258891576,0.7376951317802901,1.3555096219574048,-0.5609748304808925
111,0.8273772438659699,-1.3555735383351195,-1.1421102859845584,0.059159876663617626
112,0.8273772438659699,0.7376951317802901,-0.5657364610748746,-0.5609748304808925
113,0.8273772438659699,-1.3555735383351195,-0.719436147717457,0.059159876663617626
114,0.8273772438659699,-1.3555735383351195,-0.9499856776813305,-0.5609748304808925
115,0.8273772438659699,0.7376951317802901,-0.6425863043961658,-0.5609748304808925
116,0.8273772438659699,0.7376951317802901,3.1614809400077477,-0.5609748304808925
117,-0.3693648410115938,0.7376951317802901,-0.027787557825836348,0.059159876663617626
118,-1.5661069258891576,0.7376951317802901,-0.41203677443229225,0.059159876663617626
119,0.8273772438659699,-1.3555735383351195,-2.1027333275006983,3.1598334123861687
120,-0.3693648410115938,0.7376951317802901,-0.6425863043961658,0.6792945838081278
121,0.8273772438659699,0.7376951317802901,-0.10463740114712752,-0.5609748304808925
122,-0.3693648410115938,0.7376951317802901,0.24118689379868277,0.059159876663617626
123,-0.3693648410115938,-1.3555735383351195,0.24118689379868277,-0.5609748304808925
124,-1.5661069258891576,0.7376951317802901,1.893458525206443,0.059159876663617626
125,0.8273772438659699,0.7376951317802901,-1.3342348942877864,0.059159876663617626
126,0.8273772438659699,0.7376951317802901,-0.10463740114712752,-0.5609748304808925
127,0.8273772438659699,0.7376951317802901,-0.41203677443229225,-0.5609748304808925
128,0.8273772438659699,-1.3555735383351195,-0.10463740114712752,0.6792945838081278
129,0.8273772438659699,0.7376951317802901,1.2018099353148226,-0.5609748304808925
130,0.8273772438659699,0.7376951317802901,0.27961181545932834,-0.5609748304808925
131,0.8273772438659699,0.7376951317802901,-0.719436147717457,-0.5609748304808925
132,0.8273772438659699,-1.3555735383351195,1.3555096219574048,0.059159876663617626
133,-0.3693648410115938,-1.3555735383351195,-0.027787557825836348,0.059159876663617626
134,-0.3693648410115938,0.7376951317802901,-0.33518693111100106,-0.5609748304808925
135,-0.3693648410115938,0.7376951317802901,-0.48888661775358344,-0.5609748304808925
136,-1.5661069258891576,-1.3555735383351195,-0.7962859910387481,0.6792945838081278
137,-1.5661069258891576,0.7376951317802901,0.5870111887444931,0.059159876663617626
138,0.8273772438659699,0.7376951317802901,-1.0268355210026217,-0.5609748304808925
139,-1.5661069258891576,0.7376951317802901,-0.41203677443229225,-0.5609748304808925
140,0.8273772438659699,-1.3555735383351195,-0.10463740114712752,0.6792945838081278
141,0.8273772438659699,-1.3555735383351195,-0.5657364610748746,-0.5609748304808925
142,0.8273772438659699,-1.3555735383351195,-0.41203677443229225,0.059159876663617626
143,0.8273772438659699,0.7376951317802901,-0.7962859910387481,-0.5609748304808925
144,-0.3693648410115938,0.7376951317802901,-0.8731358343600393,-0.5609748304808925
145,-0.3693648410115938,0.7376951317802901,-0.7962859910387481,0.6792945838081278
146,0.8273772438659699,0.7376951317802901,-0.1814872444684187,-0.5609748304808925
147,0.8273772438659699,-1.3555735383351195,-1.56478442425166,1.9195639980971482
148,-0.3693648410115938,0.7376951317802901,0.5485862670838475,0.6792945838081278
149,-0.3693648410115938,0.7376951317802901,0.9712604053509489,-0.5609748304808925
150,-0.3693648410115938,0.7376951317802901,1.6629089952425695,-0.5609748304808925
151,-1.5661069258891576,-1.3555735383351195,-0.5657364610748746,0.059159876663617626
152,0.8273772438659699,0.7376951317802901,2.00873329018838,-0.5609748304808925
153,0.8273772438659699,0.7376951317802901,0.8559856403690123,0.6792945838081278
154,0.8273772438659699,0.7376951317802901,-0.10463740114712752,-0.5609748304808925
155,-1.5661069258891576,0.7376951317802901,1.6629089952425695,0.059159876663617626
156,0.8273772438659699,-1.3555735383351195,-1.0268355210026217,-0.5609748304808925
157,0.8273772438659699,0.7376951317802901,0.04906228549545483,-0.5609748304808925
158,0.8273772438659699,0.7376951317802901,-0.10463740114712752,-0.5609748304808925
159,0.8273772438659699,0.7376951317802901,-0.10463740114712752,5.64037224096421
160,0.8273772438659699,0.7376951317802901,1.1249600919935314,0.059159876663617626
161,-0.3693648410115938,-1.3555735383351195,0.8175607187083667,-0.5609748304808925
162,0.8273772438659699,0.7376951317802901,-0.2583370877897099,-0.5609748304808925
163,0.8273772438659699,0.7376951317802901,-0.9499856776813305,-0.5609748304808925
164,0.8273772438659699,0.7376951317802901,-2.1795831708219895,2.5396987052416584
165,0.8273772438659699,0.7376951317802901,-1.56478442425166,0.6792945838081278
166,-1.5661069258891576,-1.3555735383351195,-0.10463740114712752,0.059159876663617626
167,0.8273772438659699,-1.3555735383351195,1.2018099353148226,2.5396987052416584
168,-1.5661069258891576,0.7376951317802901,-0.10463740114712752,-0.5609748304808925
169,0.8273772438659699,0.7376951317802901,-0.10463740114712752,-0.5609748304808925
170,-1.5661069258891576,0.7376951317802901,2.4314074284554814,-0.5609748304808925
171,0.8273772438659699,0.7376951317802901,-1.949033640858116,2.5396987052416584
172,0.8273772438659699,-1.3555735383351195,-2.1795831708219895,0.6792945838081278
173,0.8273772438659699,0.7376951317802901,-0.6425863043961658,-0.5609748304808925
174,-1.5661069258891576,0.7376951317802901,2.0471582118490255,-0.5609748304808925
175,0.8273772438659699,0.7376951317802901,-0.8731358343600393,0.6792945838081278
176,0.8273772438659699,0.7376951317802901,-0.10463740114712752,1.9195639980971482
177,-1.5661069258891576,-1.3555735383351195,1.5860591519212783,-0.5609748304808925
178,-0.3693648410115938,0.7376951317802901,0.04906228549545483,-0.5609748304808925
179,0.8273772438659699,0.7376951317802901,0.5101613454232019,-0.5609748304808925
180,0.8273772438659699,-1.3555735383351195,-0.10463740114712752,5.64037224096421
181,-0.3693648410115938,0.7376951317802901,-0.10463740114712752,-0.5609748304808925
182,0.8273772438659699,0.7376951317802901,-1.56478442425166,3.1598334123861687
183,-0.3693648410115938,0.7376951317802901,-2.1795831708219895,1.299429290952638
184,0.8273772438659699,-1.3555735383351195,-1.949033640858116,0.6792945838081278
185,-1.5661069258891576,0.7376951317802901,-0.10463740114712752,-0.5609748304808925
186,0.8273772438659699,-1.3555735383351195,-0.10463740114712752,0.059159876663617626
187,-1.5661069258891576,0.7376951317802901,1.2018099353148226,-0.5609748304808925
188,0.8273772438659699,0.7376951317802901,0.8175607187083667,0.6792945838081278
189,0.8273772438659699,0.7376951317802901,0.5101613454232019,-0.5609748304808925
190,-0.3693648410115938,-1.3555735383351195,0.20276197213803718,-0.5609748304808925
191,-0.3693648410115938,0.7376951317802901,-0.7962859910387481,-0.5609748304808925
192,0.8273772438659699,-1.3555735383351195,-0.7962859910387481,0.059159876663617626
193,-0.3693648410115938,0.7376951317802901,-2.025883484179407,0.6792945838081278
194,-1.5661069258891576,-1.3555735383351195,1.1249600919935314,-0.5609748304808925
195,-1.5661069258891576,-1.3555735383351195,2.200857898491608,-0.5609748304808925
196,0.8273772438659699,0.7376951317802901,-0.10463740114712752,-0.5609748304808925
197,0.8273772438659699,0.7376951317802901,0.9712604053509489,0.059159876663617626
198,0.8273772438659699,-1.3555735383351195,-0.10463740114712752,-0.5609748304808925
199,-0.3693648410115938,-1.3555735383351195,-0.41203677443229225,-0.5609748304808925
200,0.8273772438659699,0.7376951317802901,-0.10463740114712752,-0.5609748304808925
201,0.8273772438659699,0.7376951317802901,-0.10463740114712752,5.64037224096421
202,0.8273772438659699,0.7376951317802901,0.35646165878061953,-0.5609748304808925
203,0.8273772438659699,0.7376951317802901,1.2402348569754682,-0.5609748304808925
204,0.8273772438659699,0.7376951317802901,-0.8731358343600393,-0.5609748304808925
205,0.8273772438659699,-1.3555735383351195,-2.1027333275006983,0.059159876663617626
206,0.8273772438659699,0.7376951317802901,0.20276197213803718,0.059159876663617626
207,0.8273772438659699,0.7376951317802901,-0.2583370877897099,-0.5609748304808925
208,0.8273772438659699,-1.3555735383351195,-1.0268355210026217,-0.5609748304808925
209,-1.5661069258891576,0.7376951317802901,0.8175607187083667,-0.5609748304808925
210,0.8273772438659699,0.7376951317802901,-0.41203677443229225,-0.5609748304808925
211,-0.3693648410115938,-1.3555735383351195,0.4333115021019107,-0.5609748304808925
212,0.8273772438659699,0.7376951317802901,-0.5657364610748746,-0.5609748304808925
213,-0.3693648410115938,0.7376951317802901,0.04906228549545483,-0.5609748304808925
214,0.8273772438659699,0.7376951317802901,-0.10463740114712752,0.059159876663617626
215,-1.5661069258891576,-1.3555735383351195,0.12591212881674602,0.059159876663617626
216,0.8273772438659699,-1.3555735383351195,-0.1814872444684187,-0.5609748304808925
217,-0.3693648410115938,0.7376951317802901,0.9712604053509489,0.059159876663617626
218,-1.5661069258891576,-1.3555735383351195,0.20276197213803718,-0.5609748304808925
219,-0.3693648410115938,0.7376951317802901,0.04906228549545483,-0.5609748304808925
220,0.8273772438659699,0.7376951317802901,-1.0268355210026217,-0.5609748304808925
221,-0.3693648410115938,0.7376951317802901,-0.1814872444684187,-0.5609748304808925
222,0.8273772438659699,0.7376951317802901,1.6629089952425695,-0.5609748304808925
223,0.8273772438659699,0.7376951317802901,-0.10463740114712752,-0.5609748304808925
224,-1.5661069258891576,0.7376951317802901,0.6638610320657843,0.059159876663617626
225,0.8273772438659699,0.7376951317802901,-0.5657364610748746,-0.5609748304808925
226,-0.3693648410115938,0.7376951317802901,-0.7962859910387481,-0.5609748304808925
227,0.8273772438659699,0.7376951317802901,-0.6810112260568114,-0.5609748304808925
228,-0.3693648410115938,0.7376951317802901,-0.8731358343600393,-0.5609748304808925
229,0.8273772438659699,-1.3555735383351195,-0.10463740114712752,1.9195639980971482
230,-1.5661069258891576,-1.3555735383351195,0.4333115021019107,0.059159876663617626
231,0.8273772438659699,0.7376951317802901,-0.027787557825836348,-0.5609748304808925
232,-0.3693648410115938,0.7376951317802901,2.277707741812899,-0.5609748304808925
233,0.8273772438659699,-1.3555735383351195,-1.8721837975368247,3.1598334123861687
234,-0.3693648410115938,0.7376951317802901,-0.41203677443229225,-0.5609748304808925
235,0.8273772438659699,-1.3555735383351195,-0.10463740114712752,-0.5609748304808925
236,-0.3693648410115938,0.7376951317802901,1.1249600919935314,0.059159876663617626
237,-0.3693648410115938,-1.3555735383351195,-1.6416342675729512,0.6792945838081278
238,-0.3693648410115938,0.7376951317802901,-0.7962859910387481,-0.5609748304808925
239,-0.3693648410115938,0.7376951317802901,0.27961181545932834,-0.5609748304808925
240,0.8273772438659699,-1.3555735383351195,-0.10463740114712752,0.059159876663617626
241,0.8273772438659699,-1.3555735383351195,-0.10463740114712752,0.059159876663617626
242,-0.3693648410115938,0.7376951317802901,-0.027787557825836348,-0.5609748304808925
243,0.8273772438659699,0.7376951317802901,-0.5657364610748746,-0.5609748304808925
244,0.8273772438659699,0.7376951317802901,0.04906228549545483,-0.5609748304808925
245,-1.5661069258891576,0.7376951317802901,1.1249600919935314,0.6792945838081278
246,0.8273772438659699,-1.3555735383351195,-0.33518693111100106,-0.5609748304808925
247,-0.3693648410115938,-1.3555735383351195,-0.41203677443229225,0.6792945838081278
248,-1.5661069258891576,0.7376951317802901,0.5870111887444931,0.6792945838081278
249,-0.3693648410115938,0.7376951317802901,1.893458525206443,0.059159876663617626
250,0.8273772438659699,0.7376951317802901,-0.10463740114712752,-0.5609748304808925
251,0.8273772438659699,-1.3555735383351195,-0.027787557825836348,0.6792945838081278
252,-1.5661069258891576,0.7376951317802901,2.5082572717767726,-0.5609748304808925
253,0.8273772438659699,0.7376951317802901,0.04906228549545483,0.059159876663617626
254,0.8273772438659699,-1.3555735383351195,0.8944105620296577,0.6792945838081278
255,0.8273772438659699,-1.3555735383351195,-0.027787557825836348,0.6792945838081278
256,-1.5661069258891576,-1.3555735383351195,-0.10463740114712752,-0.5609748304808925
257,-1.5661069258891576,-1.3555735383351195,0.04906228549545483,-0.5609748304808925
258,-1.5661069258891576,-1.3555735383351195,0.4333115021019107,-0.5609748304808925
259,-0.3693648410115938,-1.3555735383351195,1.5860591519212783,0.059159876663617626
260,0.8273772438659699,0.7376951317802901,-0.10463740114712752,-0.5609748304808925
261,0.8273772438659699,0.7376951317802901,-2.025883484179407,3.1598334123861687
262,-1.5661069258891576,0.7376951317802901,1.7397588385638607,0.6792945838081278
263,-1.5661069258891576,0.7376951317802901,0.8175607187083667,-0.5609748304808925
264,0.8273772438659699,-1.3555735383351195,-0.10463740114712752,-0.5609748304808925
265,-0.3693648410115938,0.7376951317802901,0.5101613454232019,-0.5609748304808925
266,0.8273772438659699,0.7376951317802901,-1.0268355210026217,2.5396987052416584
267,0.8273772438659699,0.7376951317802901,-0.33518693111100106,0.059159876663617626
268,-1.5661069258891576,-1.3555735383351195,2.200857898491608,0.059159876663617626
269,-1.5661069258891576,-1.3555735383351195,0.4333115021019107,-0.5609748304808925
270,-1.5661069258891576,0.7376951317802901,-0.10463740114712752,-0.5609748304808925
271,0.8273772438659699,0.7376951317802901,-0.33518693111100106,-0.5609748304808925
272,-0.3693648410115938,-1.3555735383351195,0.8944105620296577,0.059159876663617626
273,-1.5661069258891576,0.7376951317802901,0.5870111887444931,0.059159876663617626
274,0.8273772438659699,-1.3555735383351195,-0.10463740114712752,-0.5609748304808925
275,-1.5661069258891576,-1.3555735383351195,2.585107115098064,0.059159876663617626
276,0.8273772438659699,-1.3555735383351195,1.2018099353148226,-0.5609748304808925
277,-0.3693648410115938,0.7376951317802901,-0.10463740114712752,-0.5609748304808925
278,0.8273772438659699,0.7376951317802901,-1.7184841108942424,2.5396987052416584
279,0.8273772438659699,-1.3555735383351195,0.4333115021019107,0.6792945838081278
280,0.8273772438659699,0.7376951317802901,2.738806801740646,-0.5609748304808925
281,0.8273772438659699,0.7376951317802901,-0.10463740114712752,-0.5609748304808925
282,0.8273772438659699,0.7376951317802901,-1.0268355210026217,-0.5609748304808925
283,0.8273772438659699,0.7376951317802901,-0.7962859910387481,-0.5609748304808925
284,-1.5661069258891576,0.7376951317802901,-0.10463740114712752,-0.5609748304808925
285,0.8273772438659699,0.7376951317802901,0.27961181545932834,-0.5609748304808925
286,0.8273772438659699,0.7376951317802901,0.04906228549545483,-0.5609748304808925
287,0.8273772438659699,0.7376951317802901,-0.5657364610748746,-0.5609748304808925
288,-0.3693648410115938,0.7376951317802901,0.9712604053509489,-0.5609748304808925
289,0.8273772438659699,-1.3555735383351195,-0.5657364610748746,-0.5609748304808925
290,-1.5661069258891576,-1.3555735383351195,-0.2583370877897099,-0.5609748304808925
291,-1.5661069258891576,-1.3555735383351195,-0.7962859910387481,0.059159876663617626
292,-0.3693648410115938,0.7376951317802901,0.5101613454232019,-0.5609748304808925
293,0.8273772438659699,-1.3555735383351195,-0.41203677443229225,-0.5609748304808925
294,0.8273772438659699,0.7376951317802901,-0.41203677443229225,-0.5609748304808925
295,-1.5661069258891576,0.7376951317802901,-0.10463740114712752,-0.5609748304808925
296,0.8273772438659699,0.7376951317802901,-0.45046169609293785,-0.5609748304808925
297,-1.5661069258891576,-1.3555735383351195,-2.1027333275006983,1.299429290952638
298,-1.5661069258891576,0.7376951317802901,-0.10463740114712752,-0.5609748304808925
299,-1.5661069258891576,-1.3555735383351195,1.5860591519212783,0.059159876663617626
300,0.8273772438659699,-1.3555735383351195,-0.10463740114712752,-0.5609748304808925
301,0.8273772438659699,0.7376951317802901,-0.10463740114712752,0.6792945838081278
302,0.8273772438659699,0.7376951317802901,-0.7962859910387481,-0.5609748304808925
303,-0.3693648410115938,-1.3555735383351195,-0.10463740114712752,-0.5609748304808925
304,0.8273772438659699,0.7376951317802901,-0.10463740114712752,-0.5609748304808925
305,-1.5661069258891576,0.7376951317802901,-2.1857311582876924,1.299429290952638
306,-1.5661069258891576,-1.3555735383351195,-0.10463740114712752,-0.5609748304808925
307,-1.5661069258891576,-1.3555735383351195,-0.9499856776813305,0.059159876663617626
308,-0.3693648410115938,0.7376951317802901,0.04906228549545483,0.059159876663617626
309,-1.5661069258891576,-1.3555735383351195,0.04906228549545483,-0.5609748304808925
310,-1.5661069258891576,-1.3555735383351195,-0.41203677443229225,-0.5609748304808925
311,-1.5661069258891576,-1.3555735383351195,-0.8731358343600393,1.9195639980971482
312,-0.3693648410115938,-1.3555735383351195,-0.2583370877897099,0.6792945838081278
313,0.8273772438659699,0.7376951317802901,-0.10463740114712752,-0.5609748304808925
314,-0.3693648410115938,0.7376951317802901,1.0481102486722402,0.6792945838081278
315,0.8273772438659699,-1.3555735383351195,-0.2583370877897099,-0.5609748304808925
316,-0.3693648410115938,-1.3555735383351195,-0.41203677443229225,0.059159876663617626
317,-0.3693648410115938,0.7376951317802901,1.893458525206443,-0.5609748304808925
318,-1.5661069258891576,-1.3555735383351195,0.12591212881674602,0.6792945838081278
319,-1.5661069258891576,-1.3555735383351195,0.8175607187083667,0.6792945838081278
320,0.8273772438659699,0.7376951317802901,-0.5657364610748746,-0.5609748304808925
321,0.8273772438659699,0.7376951317802901,-0.1814872444684187,-0.5609748304808925
322,-0.3693648410115938,-1.3555735383351195,0.04906228549545483,-0.5609748304808925
323,-0.3693648410115938,-1.3555735383351195,-0.5657364610748746,0.6792945838081278
324,0.8273772438659699,0.7376951317802901,-0.10463740114712752,5.64037224096421
325,-1.5661069258891576,-1.3555735383351195,0.5101613454232019,-0.5609748304808925
326,0.8273772438659699,0.7376951317802901,2.4314074284554814,-0.5609748304808925
327,-0.3693648410115938,-1.3555735383351195,0.5101613454232019,-0.5609748304808925
328,0.8273772438659699,-1.3555735383351195,0.12591212881674602,0.6792945838081278
329,-1.5661069258891576,-1.3555735383351195,-1.0268355210026217,0.059159876663617626
330,0.8273772438659699,-1.3555735383351195,-0.10463740114712752,0.6792945838081278
331,-1.5661069258891576,0.7376951317802901,1.2402348569754682,-0.5609748304808925
332,-1.5661069258891576,0.7376951317802901,0.6638610320657843,0.059159876663617626
333,0.8273772438659699,0.7376951317802901,-1.0268355210026217,0.6792945838081278
334,-1.5661069258891576,-1.3555735383351195,-0.10463740114712752,0.059159876663617626
335,0.8273772438659699,0.7376951317802901,-0.10463740114712752,-0.5609748304808925
336,-1.5661069258891576,0.7376951317802901,-0.027787557825836348,0.059159876663617626
337,-1.5661069258891576,-1.3555735383351195,0.8944105620296577,-0.5609748304808925
338,0.8273772438659699,0.7376951317802901,1.2018099353148226,-0.5609748304808925
339,-1.5661069258891576,0.7376951317802901,1.2018099353148226,-0.5609748304808925
340,-0.3693648410115938,0.7376951317802901,-2.1027333275006983,0.6792945838081278
341,-1.5661069258891576,-1.3555735383351195,-0.41203677443229225,2.5396987052416584
342,-0.3693648410115938,0.7376951317802901,-0.10463740114712752,-0.5609748304808925
343,-0.3693648410115938,0.7376951317802901,-0.33518693111100106,-0.5609748304808925
344,-0.3693648410115938,0.7376951317802901,0.5101613454232019,-0.5609748304808925
345,-0.3693648410115938,-1.3555735383351195,-0.41203677443229225,-0.5609748304808925
346,-0.3693648410115938,-1.3555735383351195,0.8175607187083667,-0.5609748304808925
347,0.8273772438659699,-1.3555735383351195,-0.10463740114712752,0.059159876663617626
348,0.8273772438659699,0.7376951317802901,-2.025883484179407,0.6792945838081278
349,0.8273772438659699,0.7376951317802901,0.9712604053509489,-0.5609748304808925
350,0.8273772438659699,0.7376951317802901,-0.48888661775358344,-0.5609748304808925
351,-1.5661069258891576,0.7376951317802901,-0.10463740114712752,-0.5609748304808925
352,0.8273772438659699,0.7376951317802901,-1.1036853643239128,0.6792945838081278
353,0.8273772438659699,0.7376951317802901,-0.33518693111100106,0.059159876663617626
354,0.8273772438659699,0.7376951317802901,-0.10463740114712752,-0.5609748304808925
355,0.8273772438659699,0.7376951317802901,-0.10463740114712752,-0.5609748304808925
356,-1.5661069258891576,-1.3555735383351195,-0.5657364610748746,0.059159876663617626
357,-0.3693648410115938,-1.3555735383351195,0.6638610320657843,-0.5609748304808925
358,0.8273772438659699,-1.3555735383351195,-0.10463740114712752,-0.5609748304808925
359,0.8273772438659699,-1.3555735383351195,-0.10463740114712752,-0.5609748304808925
360,0.8273772438659699,0.7376951317802901,0.8175607187083667,2.5396987052416584
361,-0.3693648410115938,0.7376951317802901,-0.027787557825836348,0.059159876663617626
362,0.8273772438659699,-1.3555735383351195,1.2018099353148226,0.059159876663617626
363,0.8273772438659699,0.7376951317802901,0.4333115021019107,-0.5609748304808925
364,0.8273772438659699,0.7376951317802901,-0.10463740114712752,0.059159876663617626
365,0.8273772438659699,0.7376951317802901,0.04906228549545483,-0.5609748304808925
366,-1.5661069258891576,-1.3555735383351195,2.3545575851341902,0.059159876663617626
367,0.8273772438659699,-1.3555735383351195,-0.10463740114712752,-0.5609748304808925
368,0.8273772438659699,-1.3555735383351195,-0.10463740114712752,-0.5609748304808925
369,-1.5661069258891576,-1.3555735383351195,-0.41203677443229225,-0.5609748304808925
370,-1.5661069258891576,0.7376951317802901,-0.33518693111100106,0.059159876663617626
371,0.8273772438659699,0.7376951317802901,-0.8731358343600393,0.059159876663617626
372,0.8273772438659699,0.7376951317802901,-0.7962859910387481,-0.5609748304808925
373,-1.5661069258891576,0.7376951317802901,-0.5657364610748746,-0.5609748304808925
374,0.8273772438659699,-1.3555735383351195,-2.025883484179407,1.9195639980971482
375,-1.5661069258891576,-1.3555735383351195,-0.10463740114712752,0.059159876663617626
376,0.8273772438659699,-1.3555735383351195,-0.5657364610748746,-0.5609748304808925
377,-1.5661069258891576,0.7376951317802901,-0.1814872444684187,0.6792945838081278
378,0.8273772438659699,0.7376951317802901,-0.719436147717457,-0.5609748304808925
379,0.8273772438659699,0.7376951317802901,-0.7962859910387481,-0.5609748304808925
380,-1.5661069258891576,-1.3555735383351195,0.9712604053509489,-0.5609748304808925
381,0.8273772438659699,-1.3555735383351195,-2.1795831708219895,0.6792945838081278
382,0.8273772438659699,0.7376951317802901,0.20276197213803718,-0.5609748304808925
383,-1.5661069258891576,-1.3555735383351195,0.4333115021019107,0.059159876663617626
384,0.8273772438659699,0.7376951317802901,-0.10463740114712752,-0.5609748304808925
385,-0.3693648410115938,0.7376951317802901,-0.8731358343600393,-0.5609748304808925
386,0.8273772438659699,0.7376951317802901,-2.1795831708219895,3.779968119530679
387,-0.3693648410115938,-1.3555735383351195,0.5101613454232019,-0.5609748304808925
388,0.8273772438659699,0.7376951317802901,-0.10463740114712752,-0.5609748304808925
389,-0.3693648410115938,-1.3555735383351195,-0.9499856776813305,-0.5609748304808925
390,-1.5661069258891576,0.7376951317802901,0.5101613454232019,1.299429290952638
391,0.8273772438659699,0.7376951317802901,-0.6425863043961658,-0.5609748304808925
392,0.8273772438659699,0.7376951317802901,-0.10463740114712752,0.6792945838081278
393,-1.5661069258891576,-1.3555735383351195,-0.48888661775358344,0.059159876663617626
394,0.8273772438659699,-1.3555735383351195,-0.41203677443229225,0.6792945838081278
395,0.8273772438659699,0.7376951317802901,-0.5657364610748746,-0.5609748304808925
396,0.8273772438659699,-1.3555735383351195,0.12591212881674602,-0.5609748304808925
397,-0.3693648410115938,0.7376951317802901,1.2786597786361138,-0.5609748304808925
398,-0.3693648410115938,0.7376951317802901,-0.48888661775358344,-0.5609748304808925
399,-0.3693648410115938,-1.3555735383351195,-0.10463740114712752,-0.5609748304808925
400,0.8273772438659699,0.7376951317802901,0.7407108753870755,-0.5609748304808925
401,0.8273772438659699,0.7376951317802901,-0.2583370877897099,-0.5609748304808925
402,0.8273772438659699,-1.3555735383351195,-0.6425863043961658,0.059159876663617626
403,0.8273772438659699,0.7376951317802901,-0.10463740114712752,0.059159876663617626
404,0.8273772438659699,-1.3555735383351195,-0.719436147717457,-0.5609748304808925
405,-0.3693648410115938,0.7376951317802901,0.35646165878061953,0.059159876663617626
406,0.8273772438659699,0.7376951317802901,1.6629089952425695,-0.5609748304808925
407,-0.3693648410115938,0.7376951317802901,-2.025883484179407,0.6792945838081278
408,0.8273772438659699,0.7376951317802901,-0.6425863043961658,-0.5609748304808925
409,0.8273772438659699,-1.3555735383351195,-0.10463740114712752,1.9195639980971482
410,0.8273772438659699,0.7376951317802901,-0.10463740114712752,-0.5609748304808925
411,0.8273772438659699,0.7376951317802901,-0.10463740114712752,-0.5609748304808925
412,-1.5661069258891576,-1.3555735383351195,0.27961181545932834,0.059159876663617626
413,-0.3693648410115938,0.7376951317802901,-0.10463740114712752,-0.5609748304808925
414,0.8273772438659699,0.7376951317802901,1.1249600919935314,-0.5609748304808925
415,0.8273772438659699,-1.3555735383351195,-0.10463740114712752,-0.5609748304808925
416,-0.3693648410115938,-1.3555735383351195,0.35646165878061953,0.6792945838081278
417,-0.3693648410115938,-1.3555735383351195,-0.8731358343600393,0.6792945838081278
418,-0.3693648410115938,0.7376951317802901,0.04906228549545483,-0.5609748304808925
419,0.8273772438659699,-1.3555735383351195,-1.4879345809303688,0.6792945838081278
420,0.8273772438659699,0.7376951317802901,-0.10463740114712752,-0.5609748304808925
421,0.8273772438659699,0.7376951317802901,-0.6425863043961658,-0.5609748304808925
422,0.8273772438659699,0.7376951317802901,-0.027787557825836348,-0.5609748304808925
423,0.8273772438659699,-1.3555735383351195,-0.10463740114712752,0.6792945838081278
424,0.8273772438659699,0.7376951317802901,-0.8731358343600393,0.6792945838081278
425,0.8273772438659699,0.7376951317802901,-0.10463740114712752,-0.5609748304808925
426,-0.3693648410115938,-1.3555735383351195,-0.10463740114712752,0.059159876663617626
427,-0.3693648410115938,-1.3555735383351195,-0.7962859910387481,-0.5609748304808925
428,0.8273772438659699,0.7376951317802901,-0.10463740114712752,-0.5609748304808925
429,0.8273772438659699,0.7376951317802901,0.20276197213803718,-0.5609748304808925
430,-1.5661069258891576,0.7376951317802901,-0.10463740114712752,-0.5609748304808925
431,0.8273772438659699,-1.3555735383351195,-0.10463740114712752,0.059159876663617626
432,-0.3693648410115938,-1.3555735383351195,0.9712604053509489,0.059159876663617626
433,0.8273772438659699,0.7376951317802901,-0.9499856776813305,-0.5609748304808925
434,-1.5661069258891576,0.7376951317802901,1.5860591519212783,0.059159876663617626
435,-1.5661069258891576,-1.3555735383351195,-1.180535207645204,1.299429290952638
436,0.8273772438659699,-1.3555735383351195,-0.6425863043961658,1.9195639980971482
437,-0.3693648410115938,-1.3555735383351195,-0.41203677443229225,2.5396987052416584
438,-1.5661069258891576,0.7376951317802901,2.661956958419355,2.5396987052416584
439,-0.3693648410115938,0.7376951317802901,0.12591212881674602,-0.5609748304808925
440,-0.3693648410115938,-1.3555735383351195,1.2018099353148226,0.6792945838081278
441,0.8273772438659699,0.7376951317802901,-0.719436147717457,-0.5609748304808925
442,0.8273772438659699,0.7376951317802901,-0.33518693111100106,0.059159876663617626
443,-0.3693648410115938,-1.3555735383351195,-0.10463740114712752,-0.5609748304808925
444,0.8273772438659699,0.7376951317802901,-0.10463740114712752,-0.5609748304808925
445,-1.5661069258891576,0.7376951317802901,-1.949033640858116,0.6792945838081278
446,-0.3693648410115938,-1.3555735383351195,-1.2573850509664952,0.059159876663617626
447,-1.5661069258891576,0.7376951317802901,0.35646165878061953,-0.5609748304808925
448,0.8273772438659699,-1.3555735383351195,-1.8721837975368247,1.299429290952638
449,-1.5661069258891576,0.7376951317802901,1.7397588385638607,-0.5609748304808925
450,-0.3693648410115938,0.7376951317802901,0.5101613454232019,1.299429290952638
451,0.8273772438659699,0.7376951317802901,-0.10463740114712752,0.059159876663617626
452,-1.5661069258891576,0.7376951317802901,0.04906228549545483,-0.5609748304808925
453,-1.5661069258891576,0.7376951317802901,1.5092093085999871,0.059159876663617626
454,0.8273772438659699,0.7376951317802901,-0.10463740114712752,-0.5609748304808925
455,0.8273772438659699,0.7376951317802901,-0.027787557825836348,-0.5609748304808925
456,-1.5661069258891576,0.7376951317802901,2.738806801740646,-0.5609748304808925
457,-1.5661069258891576,-1.3555735383351195,-0.10463740114712752,0.059159876663617626
458,-0.3693648410115938,-1.3555735383351195,1.5860591519212783,-0.5609748304808925
459,0.8273772438659699,0.7376951317802901,-0.10463740114712752,-0.5609748304808925
460,-1.5661069258891576,0.7376951317802901,1.432359465278696,-0.5609748304808925
461,0.8273772438659699,0.7376951317802901,0.35646165878061953,-0.5609748304808925
462,-1.5661069258891576,0.7376951317802901,1.3555096219574048,-0.5609748304808925
463,-0.3693648410115938,0.7376951317802901,1.432359465278696,-0.5609748304808925
464,0.8273772438659699,0.7376951317802901,-0.10463740114712752,-0.5609748304808925
465,0.8273772438659699,0.7376951317802901,0.6638610320657843,-0.5609748304808925
466,-0.3693648410115938,0.7376951317802901,-0.10463740114712752,-0.5609748304808925
467,-1.5661069258891576,0.7376951317802901,2.0471582118490255,-0.5609748304808925
468,0.8273772438659699,0.7376951317802901,-0.10463740114712752,-0.5609748304808925
469,0.8273772438659699,-1.3555735383351195,-2.1987956316523123,1.299429290952638
470,0.8273772438659699,0.7376951317802901,-0.10463740114712752,-0.5609748304808925
471,0.8273772438659699,0.7376951317802901,0.6638610320657843,-0.5609748304808925
472,-0.3693648410115938,-1.3555735383351195,0.27961181545932834,1.299429290952638
473,-0.3693648410115938,-1.3555735383351195,-0.48888661775358344,-0.5609748304808925
474,0.8273772438659699,-1.3555735383351195,-0.5657364610748746,-0.5609748304808925
475,-1.5661069258891576,0.7376951317802901,-0.10463740114712752,-0.5609748304808925
476,-0.3693648410115938,0.7376951317802901,0.35646165878061953,0.059159876663617626
477,0.8273772438659699,0.7376951317802901,-0.027787557825836348,0.059159876663617626
478,0.8273772438659699,0.7376951317802901,-0.5657364610748746,-0.5609748304808925
479,0.8273772438659699,-1.3555735383351195,-2.1027333275006983,0.059159876663617626
480,0.8273772438659699,0.7376951317802901,-1.56478442425166,3.779968119530679
481,-0.3693648410115938,0.7376951317802901,-0.10463740114712752,-0.5609748304808925
482,0.8273772438659699,0.7376951317802901,1.5860591519212783,-0.5609748304808925
483,0.8273772438659699,-1.3555735383351195,2.585107115098064,-0.5609748304808925
484,-1.5661069258891576,0.7376951317802901,-0.33518693111100106,0.059159876663617626
485,0.8273772438659699,-1.3555735383351195,-0.10463740114712752,1.9195639980971482
486,-1.5661069258891576,-1.3555735383351195,0.4333115021019107,0.059159876663617626
487,-1.5661069258891576,0.7376951317802901,2.200857898491608,-0.5609748304808925
488,0.8273772438659699,0.7376951317802901,0.04906228549545483,-0.5609748304808925
489,0.8273772438659699,0.7376951317802901,-1.56478442425166,0.6792945838081278
490,0.8273772438659699,0.7376951317802901,-0.10463740114712752,0.059159876663617626
491,0.8273772438659699,0.7376951317802901,-0.6425863043961658,-0.5609748304808925
492,-1.5661069258891576,0.7376951317802901,1.9703083685277343,-0.5609748304808925
493,-1.5661069258891576,0.7376951317802901,3.1999058616683933,-0.5609748304808925
494,0.8273772438659699,0.7376951317802901,-0.6425863043961658,-0.5609748304808925
495,0.8273772438659699,0.7376951317802901,-0.10463740114712752,-0.5609748304808925
496,-1.5661069258891576,-1.3555735383351195,1.893458525206443,0.059159876663617626
497,0.8273772438659699,0.7376951317802901,-0.10463740114712752,-0.5609748304808925
498,-1.5661069258891576,-1.3555735383351195,-0.33518693111100106,1.299429290952638
499,0.8273772438659699,0.7376951317802901,-0.41203677443229225,-0.5609748304808925
500,0.8273772438659699,0.7376951317802901,-0.9499856776813305,-0.5609748304808925
501,0.8273772438659699,-1.3555735383351195,-0.6425863043961658,-0.5609748304808925
502,0.8273772438659699,-1.3555735383351195,-0.10463740114712752,-0.5609748304808925
503,0.8273772438659699,-1.3555735383351195,0.5870111887444931,-0.5609748304808925
504,-1.5661069258891576,-1.3555735383351195,-1.0268355210026217,-0.5609748304808925
505,-1.5661069258891576,0.7376951317802901,-0.8731358343600393,0.059159876663617626
506,-0.3693648410115938,-1.3555735383351195,0.27961181545932834,0.6792945838081278
507,-1.5661069258891576,0.7376951317802901,-0.10463740114712752,-0.5609748304808925
508,0.8273772438659699,0.7376951317802901,-0.10463740114712752,-0.5609748304808925
509,0.8273772438659699,0.7376951317802901,-0.2583370877897099,-0.5609748304808925
510,0.8273772438659699,0.7376951317802901,-0.027787557825836348,-0.5609748304808925
511,0.8273772438659699,0.7376951317802901,-0.10463740114712752,-0.5609748304808925
512,-1.5661069258891576,0.7376951317802901,0.5101613454232019,-0.5609748304808925
513,-1.5661069258891576,-1.3555735383351195,1.893458525206443,0.059159876663617626
514,0.8273772438659699,0.7376951317802901,-0.41203677443229225,-0.5609748304808925
515,-1.5661069258891576,0.7376951317802901,1.3555096219574048,-0.5609748304808925
516,-0.3693648410115938,-1.3555735383351195,0.35646165878061953,-0.5609748304808925
517,0.8273772438659699,0.7376951317802901,-0.10463740114712752,-0.5609748304808925
518,-0.3693648410115938,-1.3555735383351195,0.5101613454232019,0.059159876663617626
519,0.8273772438659699,0.7376951317802901,0.20276197213803718,-0.5609748304808925
520,-1.5661069258891576,-1.3555735383351195,0.04906228549545483,-0.5609748304808925
521,0.8273772438659699,0.7376951317802901,-0.5657364610748746,-0.5609748304808925
522,0.8273772438659699,0.7376951317802901,-0.10463740114712752,-0.5609748304808925
523,-1.5661069258891576,-1.3555735383351195,1.1249600919935314,0.059159876663617626
524,0.8273772438659699,0.7376951317802901,-0.10463740114712752,-0.5609748304808925
525,0.8273772438659699,0.7376951317802901,0.8559856403690123,-0.5609748304808925
526,-0.3693648410115938,-1.3555735383351195,1.5860591519212783,-0.5609748304808925
527,-1.5661069258891576,0.7376951317802901,-0.10463740114712752,-0.5609748304808925
528,0.8273772438659699,0.7376951317802901,0.7407108753870755,-0.5609748304808925
529,-0.3693648410115938,0.7376951317802901,-0.48888661775358344,1.299429290952638
530,-0.3693648410115938,-1.3555735383351195,-2.1027333275006983,0.6792945838081278
531,0.8273772438659699,0.7376951317802901,-0.10463740114712752,-0.5609748304808925
532,0.8273772438659699,0.7376951317802901,-0.9499856776813305,0.6792945838081278
533,0.8273772438659699,-1.3555735383351195,-0.10463740114712752,0.6792945838081278
534,0.8273772438659699,-1.3555735383351195,0.04906228549545483,-0.5609748304808925
535,-0.3693648410115938,-1.3555735383351195,-1.7184841108942424,0.6792945838081278
536,-1.5661069258891576,0.7376951317802901,1.2018099353148226,-0.5609748304808925
537,-1.5661069258891576,-1.3555735383351195,0.04906228549545483,-0.5609748304808925
538,0.8273772438659699,0.7376951317802901,-0.10463740114712752,-0.5609748304808925
539,-1.5661069258891576,-1.3555735383351195,-0.5657364610748746,0.6792945838081278
540,-1.5661069258891576,-1.3555735383351195,0.5101613454232019,0.6792945838081278
541,0.8273772438659699,-1.3555735383351195,-1.56478442425166,3.1598334123861687
542,0.8273772438659699,-1.3555735383351195,-1.4110847376090776,3.1598334123861687
543,-0.3693648410115938,0.7376951317802901,0.20276197213803718,0.059159876663617626
544,-1.5661069258891576,0.7376951317802901,1.5860591519212783,0.059159876663617626
545,-1.5661069258891576,0.7376951317802901,2.661956958419355,-0.5609748304808925
546,-0.3693648410115938,-1.3555735383351195,-0.7962859910387481,0.059159876663617626
547,-0.3693648410115938,0.7376951317802901,-0.10463740114712752,-0.5609748304808925
548,0.8273772438659699,0.7376951317802901,0.27961181545932834,0.6792945838081278
549,-0.3693648410115938,0.7376951317802901,-1.6416342675729512,0.6792945838081278
550,-1.5661069258891576,0.7376951317802901,-0.9499856776813305,0.6792945838081278
551,-0.3693648410115938,0.7376951317802901,-0.1814872444684187,-0.5609748304808925
552,0.8273772438659699,0.7376951317802901,-0.10463740114712752,-0.5609748304808925
553,0.8273772438659699,0.7376951317802901,-0.5657364610748746,-0.5609748304808925
554,0.8273772438659699,-1.3555735383351195,-0.5657364610748746,-0.5609748304808925
555,-1.5661069258891576,0.7376951317802901,2.5082572717767726,-0.5609748304808925
556,-1.5661069258891576,-1.3555735383351195,1.432359465278696,0.059159876663617626
557,-1.5661069258891576,0.7376951317802901,-0.10463740114712752,-0.5609748304808925
558,-1.5661069258891576,-1.3555735383351195,0.7407108753870755,0.6792945838081278
559,0.8273772438659699,-1.3555735383351195,0.5101613454232019,0.059159876663617626
560,0.8273772438659699,0.7376951317802901,-0.10463740114712752,-0.5609748304808925
561,0.8273772438659699,0.7376951317802901,0.8175607187083667,-0.5609748304808925
562,-0.3693648410115938,0.7376951317802901,-0.10463740114712752,-0.5609748304808925
563,0.8273772438659699,0.7376951317802901,-0.10463740114712752,-0.5609748304808925
564,0.8273772438659699,-1.3555735383351195,-0.10463740114712752,-0.5609748304808925
565,0.8273772438659699,0.7376951317802901,-0.41203677443229225,0.6792945838081278
566,0.8273772438659699,0.7376951317802901,-0.7962859910387481,-0.5609748304808925
567,0.8273772438659699,-1.3555735383351195,-0.027787557825836348,1.9195639980971482
568,0.8273772438659699,0.7376951317802901,-0.10463740114712752,-0.5609748304808925
569,0.8273772438659699,0.7376951317802901,0.20276197213803718,-0.5609748304808925
570,-0.3693648410115938,0.7376951317802901,2.5082572717767726,-0.5609748304808925
571,-1.5661069258891576,-1.3555735383351195,1.816608681885152,0.6792945838081278
572,-1.5661069258891576,0.7376951317802901,0.5101613454232019,-0.5609748304808925
573,0.8273772438659699,-1.3555735383351195,-0.10463740114712752,-0.5609748304808925
574,0.8273772438659699,0.7376951317802901,-1.0268355210026217,-0.5609748304808925
575,0.8273772438659699,0.7376951317802901,-0.7962859910387481,-0.5609748304808925
576,-0.3693648410115938,-1.3555735383351195,0.35646165878061953,-0.5609748304808925
577,-1.5661069258891576,-1.3555735383351195,0.7407108753870755,0.059159876663617626
578,0.8273772438659699,-1.3555735383351195,-0.10463740114712752,0.059159876663617626
579,0.8273772438659699,0.7376951317802901,0.20276197213803718,-0.5609748304808925
580,-0.3693648410115938,-1.3555735383351195,-0.33518693111100106,0.6792945838081278
581,-1.5661069258891576,-1.3555735383351195,0.7407108753870755,0.6792945838081278
582,-0.3693648410115938,0.7376951317802901,1.893458525206443,-0.5609748304808925
583,-1.5661069258891576,0.7376951317802901,0.5101613454232019,-0.5609748304808925
584,0.8273772438659699,0.7376951317802901,-0.10463740114712752,-0.5609748304808925
585,-1.5661069258891576,-1.3555735383351195,-0.8731358343600393,0.6792945838081278
586,-0.3693648410115938,0.7376951317802901,1.3555096219574048,-0.5609748304808925
587,-1.5661069258891576,0.7376951317802901,2.3545575851341902,0.6792945838081278
588,0.8273772438659699,0.7376951317802901,-0.5657364610748746,-0.5609748304808925
589,0.8273772438659699,0.7376951317802901,-0.10463740114712752,-0.5609748304808925
590,0.8273772438659699,0.7376951317802901,0.4333115021019107,-0.5609748304808925
591,-1.5661069258891576,-1.3555735383351195,1.7397588385638607,0.059159876663617626
592,0.8273772438659699,0.7376951317802901,1.3555096219574048,-0.5609748304808925
593,0.8273772438659699,-1.3555735383351195,-0.10463740114712752,0.6792945838081278
594,-0.3693648410115938,0.7376951317802901,0.5870111887444931,0.059159876663617626
595,0.8273772438659699,0.7376951317802901,0.5101613454232019,0.6792945838081278
596,-0.3693648410115938,-1.3555735383351195,-0.10463740114712752,-0.5609748304808925
597,0.8273772438659699,0.7376951317802901,1.5092093085999871,-0.5609748304808925
598,0.8273772438659699,0.7376951317802901,-0.10463740114712752,-0.5609748304808925
599,-1.5661069258891576,0.7376951317802901,1.5092093085999871,0.059159876663617626
600,-0.3693648410115938,-1.3555735383351195,-0.41203677443229225,1.299429290952638
601,0.8273772438659699,0.7376951317802901,-0.10463740114712752,-0.5609748304808925
602,-1.5661069258891576,0.7376951317802901,-0.10463740114712752,-0.5609748304808925
603,0.8273772438659699,0.7376951317802901,1.1249600919935314,-0.5609748304808925
604,-1.5661069258891576,0.7376951317802901,0.4333115021019107,-0.5609748304808925
605,0.8273772438659699,0.7376951317802901,0.5101613454232019,0.059159876663617626
606,0.8273772438659699,0.7376951317802901,0.04906228549545483,-0.5609748304808925
607,-1.5661069258891576,0.7376951317802901,-0.1814872444684187,-0.5609748304808925
608,-0.3693648410115938,-1.3555735383351195,-0.5657364610748746,1.299429290952638
609,-1.5661069258891576,-1.3555735383351195,0.8175607187083667,-0.5609748304808925
610,0.8273772438659699,-1.3555735383351195,0.7407108753870755,3.1598334123861687
611,0.8273772438659699,0.7376951317802901,-0.10463740114712752,-0.5609748304808925
612,0.8273772438659699,-1.3555735383351195,-0.10463740114712752,0.059159876663617626
613,0.8273772438659699,0.7376951317802901,-0.10463740114712752,-0.5609748304808925
614,0.8273772438659699,0.7376951317802901,0.4333115021019107,-0.5609748304808925
615,-0.3693648410115938,-1.3555735383351195,-0.41203677443229225,1.299429290952638
616,0.8273772438659699,0.7376951317802901,0.35646165878061953,0.6792945838081278
617,0.8273772438659699,-1.3555735383351195,-0.2583370877897099,0.059159876663617626
618,-0.3693648410115938,-1.3555735383351195,-1.949033640858116,1.299429290952638
619,-0.3693648410115938,0.7376951317802901,-0.2583370877897099,-0.5609748304808925
620,0.8273772438659699,0.7376951317802901,-0.1814872444684187,0.059159876663617626
621,-1.5661069258891576,0.7376951317802901,0.9712604053509489,0.059159876663617626
622,0.8273772438659699,0.7376951317802901,-0.719436147717457,0.6792945838081278
623,0.8273772438659699,0.7376951317802901,-0.6425863043961658,-0.5609748304808925
624,0.8273772438659699,0.7376951317802901,-0.6425863043961658,-0.5609748304808925
625,-1.5661069258891576,0.7376951317802901,2.4314074284554814,-0.5609748304808925
626,-0.3693648410115938,0.7376951317802901,2.1240080551703167,-0.5609748304808925
627,-1.5661069258891576,-1.3555735383351195,-0.6425863043961658,-0.5609748304808925
628,0.8273772438659699,0.7376951317802901,-0.2583370877897099,-0.5609748304808925
629,0.8273772438659699,0.7376951317802901,-0.10463740114712752,-0.5609748304808925
630,-1.5661069258891576,0.7376951317802901,3.8915544515600136,-0.5609748304808925
631,0.8273772438659699,0.7376951317802901,1.6629089952425695,-0.5609748304808925
632,-1.5661069258891576,0.7376951317802901,0.20276197213803718,-0.5609748304808925
633,-1.5661069258891576,0.7376951317802901,-0.10463740114712752,-0.5609748304808925
634,0.8273772438659699,-1.3555735383351195,-1.56478442425166,2.5396987052416584
635,-0.3693648410115938,-1.3555735383351195,-0.10463740114712752,-0.5609748304808925
636,0.8273772438659699,0.7376951317802901,0.20276197213803718,-0.5609748304808925
637,-0.3693648410115938,0.7376951317802901,0.12591212881674602,0.6792945838081278
638,0.8273772438659699,-1.3555735383351195,0.8944105620296577,2.5396987052416584
639,0.8273772438659699,0.7376951317802901,-0.10463740114712752,0.059159876663617626
640,0.8273772438659699,0.7376951317802901,-0.719436147717457,-0.5609748304808925
641,-1.5661069258891576,-1.3555735383351195,-0.41203677443229225,-0.5609748304808925
642,0.8273772438659699,-1.3555735383351195,-2.1027333275006983,2.5396987052416584
643,0.8273772438659699,0.7376951317802901,-0.10463740114712752,-0.5609748304808925
644,0.8273772438659699,-1.3555735383351195,-2.1987956316523123,1.299429290952638
645,-1.5661069258891576,0.7376951317802901,1.432359465278696,0.059159876663617626
646,0.8273772438659699,0.7376951317802901,-0.7962859910387481,-0.5609748304808925
647,-1.5661069258891576,0.7376951317802901,2.0471582118490255,-0.5609748304808925
648,0.8273772438659699,0.7376951317802901,-0.10463740114712752,-0.5609748304808925
649,0.8273772438659699,-1.3555735383351195,-0.48888661775358344,-0.5609748304808925
650,0.8273772438659699,0.7376951317802901,-0.10463740114712752,-0.5609748304808925
651,-0.3693648410115938,-1.3555735383351195,-0.8731358343600393,0.059159876663617626
652,0.8273772438659699,0.7376951317802901,-0.6425863043961658,-0.5609748304808925
653,0.8273772438659699,-1.3555735383351195,-0.10463740114712752,-0.5609748304808925
654,0.8273772438659699,-1.3555735383351195,-0.8731358343600393,-0.5609748304808925
655,-0.3693648410115938,0.7376951317802901,-0.41203677443229225,0.6792945838081278
656,0.8273772438659699,0.7376951317802901,-0.10463740114712752,-0.5609748304808925
657,0.8273772438659699,-1.3555735383351195,0.20276197213803718,0.6792945838081278
658,-0.3693648410115938,0.7376951317802901,-0.48888661775358344,-0.5609748304808925
659,-1.5661069258891576,0.7376951317802901,2.200857898491608,0.6792945838081278
660,-1.5661069258891576,0.7376951317802901,1.5860591519212783,0.6792945838081278
661,0.8273772438659699,0.7376951317802901,0.8175607187083667,-0.5609748304808925
662,-1.5661069258891576,0.7376951317802901,1.3555096219574048,-0.5609748304808925
663,0.8273772438659699,0.7376951317802901,0.5101613454232019,-0.5609748304808925
664,0.8273772438659699,0.7376951317802901,-0.719436147717457,0.059159876663617626
665,-0.3693648410115938,0.7376951317802901,0.20276197213803718,0.6792945838081278
666,-0.3693648410115938,0.7376951317802901,-0.33518693111100106,-0.5609748304808925
667,0.8273772438659699,0.7376951317802901,-0.10463740114712752,-0.5609748304808925
668,0.8273772438659699,0.7376951317802901,1.0481102486722402,-0.5609748304808925
669,-1.5661069258891576,-1.3555735383351195,-0.10463740114712752,0.059159876663617626
670,-0.3693648410115938,-1.3555735383351195,0.8175607187083667,0.6792945838081278
671,-1.5661069258891576,0.7376951317802901,0.12591212881674602,0.059159876663617626
672,-0.3693648410115938,0.7376951317802901,3.123056018347102,-0.5609748304808925
673,-0.3693648410115938,0.7376951317802901,0.12591212881674602,-0.5609748304808925
674,-0.3693648410115938,0.7376951317802901,-0.10463740114712752,-0.5609748304808925
675,0.8273772438659699,0.7376951317802901,-0.8731358343600393,-0.5609748304808925
676,0.8273772438659699,0.7376951317802901,-0.37361185277164666,-0.5609748304808925
677,0.8273772438659699,-1.3555735383351195,-0.8731358343600393,-0.5609748304808925
678,0.8273772438659699,-1.3555735383351195,1.0481102486722402,3.779968119530679
679,-1.5661069258891576,0.7376951317802901,0.5101613454232019,0.059159876663617626
680,0.8273772438659699,-1.3555735383351195,-0.10463740114712752,-0.5609748304808925
681,-1.5661069258891576,0.7376951317802901,-0.1814872444684187,-0.5609748304808925
682,0.8273772438659699,0.7376951317802901,-0.719436147717457,-0.5609748304808925
683,0.8273772438659699,0.7376951317802901,-1.180535207645204,3.779968119530679
684,-0.3693648410115938,0.7376951317802901,2.3545575851341902,0.6792945838081278
685,-0.3693648410115938,0.7376951317802901,-0.33518693111100106,1.299429290952638
686,0.8273772438659699,0.7376951317802901,-1.180535207645204,2.5396987052416584
687,0.8273772438659699,0.7376951317802901,-0.7962859910387481,-0.5609748304808925
688,0.8273772438659699,0.7376951317802901,-0.8731358343600393,-0.5609748304808925
689,-1.5661069258891576,-1.3555735383351195,-1.1036853643239128,0.059159876663617626
690,-1.5661069258891576,0.7376951317802901,0.12591212881674602,0.059159876663617626
691,0.8273772438659699,-1.3555735383351195,-1.949033640858116,0.059159876663617626
692,0.8273772438659699,0.7376951317802901,-0.10463740114712752,-0.5609748304808925
693,0.8273772438659699,0.7376951317802901,-0.33518693111100106,-0.5609748304808925
694,-1.5661069258891576,0.7376951317802901,2.3545575851341902,-0.5609748304808925
695,-0.3693648410115938,0.7376951317802901,1.7397588385638607,-0.5609748304808925
696,0.8273772438659699,0.7376951317802901,1.1249600919935314,-0.5609748304808925
697,0.8273772438659699,-1.3555735383351195,-0.10463740114712752,-0.5609748304808925
698,-1.5661069258891576,0.7376951317802901,1.5092093085999871,0.6792945838081278
699,0.8273772438659699,0.7376951317802901,0.9712604053509489,-0.5609748304808925
700,-1.5661069258891576,-1.3555735383351195,-0.8731358343600393,0.059159876663617626
701,-1.5661069258891576,0.7376951317802901,0.4333115021019107,-0.5609748304808925
702,0.8273772438659699,-1.3555735383351195,-0.8731358343600393,0.059159876663617626
703,0.8273772438659699,0.7376951317802901,-0.33518693111100106,-0.5609748304808925
704,0.8273772438659699,0.7376951317802901,-0.2583370877897099,0.059159876663617626
705,-0.3693648410115938,0.7376951317802901,0.7407108753870755,-0.5609748304808925
706,-0.3693648410115938,-1.3555735383351195,1.2018099353148226,-0.5609748304808925
707,-1.5661069258891576,0.7376951317802901,0.9712604053509489,-0.5609748304808925
708,-1.5661069258891576,-1.3555735383351195,-0.5657364610748746,-0.5609748304808925
709,0.8273772438659699,0.7376951317802901,-0.10463740114712752,0.6792945838081278
710,-1.5661069258891576,-1.3555735383351195,-0.41203677443229225,-0.5609748304808925
711,-1.5661069258891576,0.7376951317802901,-0.10463740114712752,-0.5609748304808925
712,-1.5661069258891576,0.7376951317802901,1.432359465278696,0.059159876663617626
713,0.8273772438659699,0.7376951317802901,-0.027787557825836348,-0.5609748304808925
714,-0.3693648410115938,0.7376951317802901,1.7397588385638607,-0.5609748304808925
715,0.8273772438659699,0.7376951317802901,-0.7962859910387481,-0.5609748304808925
716,-1.5661069258891576,-1.3555735383351195,0.6638610320657843,-0.5609748304808925
717,-0.3693648410115938,-1.3555735383351195,-0.1814872444684187,-0.5609748304808925
718,0.8273772438659699,0.7376951317802901,-0.10463740114712752,-0.5609748304808925
719,0.8273772438659699,0.7376951317802901,0.27961181545932834,-0.5609748304808925
720,-0.3693648410115938,-1.3555735383351195,-1.7953339542155335,0.059159876663617626
721,0.8273772438659699,0.7376951317802901,-0.9499856776813305,0.059159876663617626
722,-0.3693648410115938,0.7376951317802901,0.35646165878061953,-0.5609748304808925
723,-0.3693648410115938,0.7376951317802901,1.5860591519212783,-0.5609748304808925
724,-1.5661069258891576,0.7376951317802901,-0.1814872444684187,0.059159876663617626
725,0.8273772438659699,0.7376951317802901,-0.719436147717457,-0.5609748304808925
726,-0.3693648410115938,-1.3555735383351195,0.04906228549545483,1.299429290952638
727,0.8273772438659699,-1.3555735383351195,-0.10463740114712752,-0.5609748304808925
728,-0.3693648410115938,0.7376951317802901,-0.33518693111100106,0.059159876663617626
729,0.8273772438659699,-1.3555735383351195,-0.33518693111100106,0.059159876663617626
730,-1.5661069258891576,-1.3555735383351195,-0.027787557825836348,-0.5609748304808925
731,0.8273772438659699,0.7376951317802901,-1.4110847376090776,-0.5609748304808925
732,-0.3693648410115938,0.7376951317802901,-0.10463740114712752,-0.5609748304808925
733,-0.3693648410115938,0.7376951317802901,-0.48888661775358344,-0.5609748304808925
734,-0.3693648410115938,0.7376951317802901,-0.48888661775358344,-0.5609748304808925
735,0.8273772438659699,0.7376951317802901,-0.06621247948648194,-0.5609748304808925
736,0.8273772438659699,-1.3555735383351195,1.432359465278696,1.9195639980971482
737,-1.5661069258891576,0.7376951317802901,0.4333115021019107,-0.5609748304808925
738,0.8273772438659699,0.7376951317802901,-0.10463740114712752,-0.5609748304808925
739,0.8273772438659699,0.7376951317802901,-0.10463740114712752,-0.5609748304808925
740,-1.5661069258891576,0.7376951317802901,-0.10463740114712752,-0.5609748304808925
741,-1.5661069258891576,0.7376951317802901,0.5101613454232019,0.059159876663617626
742,-1.5661069258891576,-1.3555735383351195,-0.6425863043961658,1.9195639980971482
743,0.8273772438659699,0.7376951317802901,-0.41203677443229225,0.059159876663617626
744,0.8273772438659699,0.7376951317802901,0.12591212881674602,-0.5609748304808925
745,-1.5661069258891576,0.7376951317802901,3.123056018347102,0.6792945838081278
746,0.8273772438659699,0.7376951317802901,-1.0268355210026217,0.6792945838081278
747,-0.3693648410115938,-1.3555735383351195,0.04906228549545483,-0.5609748304808925
748,-1.5661069258891576,0.7376951317802901,-0.7962859910387481,0.059159876663617626
749,0.8273772438659699,0.7376951317802901,0.12591212881674602,-0.5609748304808925
750,-0.3693648410115938,-1.3555735383351195,-1.949033640858116,0.6792945838081278
751,0.8273772438659699,0.7376951317802901,-1.7953339542155335,0.059159876663617626
752,0.8273772438659699,0.7376951317802901,0.27961181545932834,-0.5609748304808925
753,0.8273772438659699,0.7376951317802901,-0.48888661775358344,-0.5609748304808925
754,-0.3693648410115938,-1.3555735383351195,1.432359465278696,1.299429290952638
755,-0.3693648410115938,0.7376951317802901,-2.204943619118015,0.6792945838081278
756,0.8273772438659699,0.7376951317802901,-0.10463740114712752,-0.5609748304808925
757,-0.3693648410115938,0.7376951317802901,-0.8731358343600393,-0.5609748304808925
758,0.8273772438659699,0.7376951317802901,0.35646165878061953,-0.5609748304808925
759,-1.5661069258891576,-1.3555735383351195,0.27961181545932834,-0.5609748304808925
760,0.8273772438659699,0.7376951317802901,-0.10463740114712752,-0.5609748304808925
761,0.8273772438659699,0.7376951317802901,0.8944105620296577,-0.5609748304808925
762,0.8273772438659699,0.7376951317802901,-0.719436147717457,-0.5609748304808925
763,-1.5661069258891576,-1.3555735383351195,0.5101613454232019,1.299429290952638
764,0.8273772438659699,0.7376951317802901,-1.0268355210026217,-0.5609748304808925
765,-1.5661069258891576,-1.3555735383351195,1.6629089952425695,0.059159876663617626
766,-1.5661069258891576,0.7376951317802901,-0.10463740114712752,-0.5609748304808925
767,0.8273772438659699,-1.3555735383351195,0.08748720715610042,-0.5609748304808925
768,0.8273772438659699,0.7376951317802901,-0.10463740114712752,0.059159876663617626
769,0.8273772438659699,0.7376951317802901,0.20276197213803718,-0.5609748304808925
770,0.8273772438659699,0.7376951317802901,-0.41203677443229225,-0.5609748304808925
771,0.8273772438659699,0.7376951317802901,1.432359465278696,-0.5609748304808925
772,-0.3693648410115938,-1.3555735383351195,2.1240080551703167,-0.5609748304808925
773,0.8273772438659699,0.7376951317802901,-0.10463740114712752,-0.5609748304808925
774,-0.3693648410115938,-1.3555735383351195,1.893458525206443,1.9195639980971482
775,0.8273772438659699,0.7376951317802901,-0.8731358343600393,-0.5609748304808925
776,0.8273772438659699,0.7376951317802901,-0.10463740114712752,-0.5609748304808925
777,0.8273772438659699,-1.3555735383351195,-1.8721837975368247,-0.5609748304808925
778,0.8273772438659699,0.7376951317802901,-0.10463740114712752,-0.5609748304808925
779,-1.5661069258891576,-1.3555735383351195,1.0481102486722402,0.059159876663617626
780,0.8273772438659699,-1.3555735383351195,-1.2573850509664952,-0.5609748304808925
781,-1.5661069258891576,-1.3555735383351195,-0.9499856776813305,0.059159876663617626
782,-1.5661069258891576,0.7376951317802901,-0.027787557825836348,-0.5609748304808925
783,0.8273772438659699,0.7376951317802901,-0.10463740114712752,1.299429290952638
784,0.8273772438659699,0.7376951317802901,-0.33518693111100106,-0.5609748304808925
785,0.8273772438659699,0.7376951317802901,-0.33518693111100106,-0.5609748304808925
786,0.8273772438659699,-1.3555735383351195,-0.8731358343600393,-0.5609748304808925
787,0.8273772438659699,0.7376951317802901,-1.6416342675729512,2.5396987052416584
788,0.8273772438659699,0.7376951317802901,-2.1795831708219895,1.299429290952638
789,-1.5661069258891576,0.7376951317802901,1.2786597786361138,-0.5609748304808925
790,0.8273772438659699,0.7376951317802901,-0.10463740114712752,-0.5609748304808925
791,-0.3693648410115938,0.7376951317802901,-1.0268355210026217,-0.5609748304808925
792,0.8273772438659699,-1.3555735383351195,-0.10463740114712752,5.64037224096421
793,-1.5661069258891576,0.7376951317802901,-0.10463740114712752,-0.5609748304808925
794,0.8273772438659699,0.7376951317802901,-0.33518693111100106,-0.5609748304808925
795,-0.3693648410115938,0.7376951317802901,0.7407108753870755,-0.5609748304808925
796,-1.5661069258891576,-1.3555735383351195,1.5092093085999871,-0.5609748304808925
797,0.8273772438659699,-1.3555735383351195,0.12591212881674602,-0.5609748304808925
798,0.8273772438659699,0.7376951317802901,0.04906228549545483,-0.5609748304808925
799,0.8273772438659699,-1.3555735383351195,0.04906228549545483,0.6792945838081278
800,-0.3693648410115938,0.7376951317802901,0.35646165878061953,-0.5609748304808925
801,-0.3693648410115938,-1.3555735383351195,0.12591212881674602,0.6792945838081278
802,-1.5661069258891576,0.7376951317802901,-1.4110847376090776,1.299429290952638
803,0.8273772438659699,0.7376951317802901,-2.224156079948338,0.059159876663617626
804,0.8273772438659699,0.7376951317802901,-0.1814872444684187,-0.5609748304808925
805,0.8273772438659699,0.7376951317802901,0.12591212881674602,-0.5609748304808925
806,-1.5661069258891576,0.7376951317802901,0.7407108753870755,-0.5609748304808925
807,0.8273772438659699,-1.3555735383351195,-0.8731358343600393,-0.5609748304808925
808,-0.3693648410115938,0.7376951317802901,0.7407108753870755,-0.5609748304808925
809,-1.5661069258891576,-1.3555735383351195,0.27961181545932834,0.059159876663617626
810,0.8273772438659699,0.7376951317802901,-0.2583370877897099,-0.5609748304808925
811,0.8273772438659699,0.7376951317802901,0.7407108753870755,-0.5609748304808925
812,-0.3693648410115938,0.7376951317802901,0.4333115021019107,-0.5609748304808925
813,0.8273772438659699,-1.3555735383351195,-1.7953339542155335,3.1598334123861687
814,0.8273772438659699,0.7376951317802901,0.08748720715610042,-0.5609748304808925
815,-1.5661069258891576,0.7376951317802901,-0.10463740114712752,-0.5609748304808925
816,0.8273772438659699,-1.3555735383351195,-0.48888661775358344,-0.5609748304808925
817,-0.3693648410115938,0.7376951317802901,0.12591212881674602,0.6792945838081278
818,0.8273772438659699,0.7376951317802901,1.0481102486722402,-0.5609748304808925
819,0.8273772438659699,0.7376951317802901,-1.4879345809303688,2.5396987052416584
820,-1.5661069258891576,-1.3555735383351195,1.7397588385638607,0.6792945838081278
821,0.8273772438659699,0.7376951317802901,-0.1814872444684187,-0.5609748304808925
822,-1.5661069258891576,0.7376951317802901,0.6638610320657843,-0.5609748304808925
823,0.8273772438659699,-1.3555735383351195,-0.1814872444684187,0.059159876663617626
824,0.8273772438659699,0.7376951317802901,-2.1027333275006983,2.5396987052416584
825,0.8273772438659699,0.7376951317802901,-0.10463740114712752,-0.5609748304808925
826,0.8273772438659699,0.7376951317802901,-0.10463740114712752,-0.5609748304808925
827,-0.3693648410115938,0.7376951317802901,-2.1795831708219895,0.6792945838081278
828,0.8273772438659699,0.7376951317802901,-0.10463740114712752,-0.5609748304808925
829,-1.5661069258891576,-1.3555735383351195,2.5082572717767726,-0.5609748304808925
830,0.8273772438659699,-1.3555735383351195,-1.1036853643239128,0.059159876663617626
831,-0.3693648410115938,0.7376951317802901,-2.192647644186609,0.6792945838081278
832,0.8273772438659699,0.7376951317802901,-0.10463740114712752,-0.5609748304808925
833,0.8273772438659699,0.7376951317802901,-0.48888661775358344,-0.5609748304808925
834,0.8273772438659699,0.7376951317802901,-0.8731358343600393,-0.5609748304808925
835,-1.5661069258891576,-1.3555735383351195,0.7407108753870755,0.6792945838081278
836,0.8273772438659699,0.7376951317802901,-0.6425863043961658,-0.5609748304808925
837,0.8273772438659699,0.7376951317802901,-0.10463740114712752,-0.5609748304808925
838,0.8273772438659699,0.7376951317802901,0.20276197213803718,-0.5609748304808925
839,-1.5661069258891576,0.7376951317802901,-0.10463740114712752,-0.5609748304808925
840,0.8273772438659699,0.7376951317802901,-0.719436147717457,-0.5609748304808925
841,-0.3693648410115938,0.7376951317802901,-1.0268355210026217,-0.5609748304808925
842,-1.5661069258891576,-1.3555735383351195,0.04906228549545483,-0.5609748304808925
843,0.8273772438659699,0.7376951317802901,0.3948865804412651,-0.5609748304808925
844,0.8273772438659699,0.7376951317802901,-0.9499856776813305,-0.5609748304808925
845,0.8273772438659699,0.7376951317802901,0.9712604053509489,-0.5609748304808925
846,0.8273772438659699,0.7376951317802901,-0.10463740114712752,5.64037224096421
847,0.8273772438659699,0.7376951317802901,0.4333115021019107,-0.5609748304808925
848,-0.3693648410115938,0.7376951317802901,-0.10463740114712752,0.059159876663617626
849,-1.5661069258891576,-1.3555735383351195,-0.10463740114712752,0.059159876663617626
850,0.8273772438659699,0.7376951317802901,-1.949033640858116,3.1598334123861687
851,0.8273772438659699,0.7376951317802901,3.430455391632267,-0.5609748304808925
852,0.8273772438659699,-1.3555735383351195,-1.56478442425166,0.6792945838081278
853,-1.5661069258891576,-1.3555735383351195,-1.0268355210026217,0.059159876663617626
854,-0.3693648410115938,-1.3555735383351195,1.1249600919935314,0.059159876663617626
855,0.8273772438659699,-1.3555735383351195,-0.8731358343600393,0.059159876663617626
856,-1.5661069258891576,-1.3555735383351195,1.2018099353148226,0.6792945838081278
857,-1.5661069258891576,0.7376951317802901,1.6629089952425695,-0.5609748304808925
858,0.8273772438659699,-1.3555735383351195,-0.41203677443229225,1.299429290952638
859,0.8273772438659699,0.7376951317802901,-0.10463740114712752,-0.5609748304808925
860,0.8273772438659699,0.7376951317802901,0.8944105620296577,0.6792945838081278
861,-0.3693648410115938,0.7376951317802901,-0.6425863043961658,0.059159876663617626
862,-1.5661069258891576,-1.3555735383351195,1.432359465278696,-0.5609748304808925
863,0.8273772438659699,-1.3555735383351195,-0.10463740114712752,5.64037224096421
864,-0.3693648410115938,0.7376951317802901,-0.41203677443229225,-0.5609748304808925
865,-0.3693648410115938,-1.3555735383351195,0.9712604053509489,-0.5609748304808925
866,-0.3693648410115938,-1.3555735383351195,-0.1814872444684187,0.059159876663617626
867,-1.5661069258891576,0.7376951317802901,0.12591212881674602,-0.5609748304808925
868,0.8273772438659699,0.7376951317802901,-0.10463740114712752,-0.5609748304808925
869,0.8273772438659699,0.7376951317802901,-1.949033640858116,0.6792945838081278
870,0.8273772438659699,0.7376951317802901,-0.2583370877897099,-0.5609748304808925
871,-1.5661069258891576,-1.3555735383351195,1.3555096219574048,0.6792945838081278
872,-1.5661069258891576,0.7376951317802901,0.27961181545932834,-0.5609748304808925
873,0.8273772438659699,0.7376951317802901,1.3555096219574048,-0.5609748304808925
874,-0.3693648410115938,-1.3555735383351195,-0.10463740114712752,0.059159876663617626
875,0.8273772438659699,-1.3555735383351195,-1.1036853643239128,-0.5609748304808925
876,0.8273772438659699,0.7376951317802901,-0.719436147717457,-0.5609748304808925
877,0.8273772438659699,0.7376951317802901,-0.7962859910387481,-0.5609748304808925
878,0.8273772438659699,0.7376951317802901,-0.10463740114712752,-0.5609748304808925
879,-1.5661069258891576,-1.3555735383351195,2.0471582118490255,0.059159876663617626
880,-0.3693648410115938,-1.3555735383351195,-0.33518693111100106,0.059159876663617626
881,0.8273772438659699,0.7376951317802901,0.27961181545932834,-0.5609748304808925
882,0.8273772438659699,-1.3555735383351195,-0.5657364610748746,-0.5609748304808925
883,-0.3693648410115938,0.7376951317802901,-0.10463740114712752,-0.5609748304808925
884,0.8273772438659699,0.7376951317802901,-0.33518693111100106,-0.5609748304808925
885,0.8273772438659699,-1.3555735383351195,0.7407108753870755,2.5396987052416584
886,-0.3693648410115938,0.7376951317802901,-0.1814872444684187,-0.5609748304808925
887,-1.5661069258891576,-1.3555735383351195,-0.7962859910387481,-0.5609748304808925
888,0.8273772438659699,-1.3555735383351195,-0.10463740114712752,1.299429290952638
889,-1.5661069258891576,0.7376951317802901,-0.2583370877897099,-0.5609748304808925
890,0.8273772438659699,0.7376951317802901,0.20276197213803718,-0.5609748304808925
